{
    "model_settings": {
        "depth": 4,
        "initial_filters": 32,
        "optimizer": "adam",
        "loss_fce": {
            "py/function": "losses_and_metrics.ssim_loss"
        },
        "metrics": [
            {
                "py/function": "losses_and_metrics.ssim_metric"
            },
            {
                "py/function": "losses_and_metrics.psnr_metric"
            },
            "accuracy"
        ]
    },
    "fit_settings": {
        "epochs": 20,
        "batch_size": 16,
        "validation_split": 0.2,
        "steps_per_epoch": 100
    },
    "model_evaluation": {
        "loss": 0.14481692016124725,
        "ssim_metric": 0.8551830053329468,
        "psnr_metric": 28.29844856262207,
        "accuracy": 0.06346280127763748
    },
    "disclosed_predictions": {
        "poisson_intensity_0.1": 0.8711013793945312,
        "poisson_intensity_0.2": 0.8573175072669983,
        "poisson_intensity_0.3": 0.8825644254684448,
        "salt_and_pepper_speckle_intensity_0.01_0.1": 0.8658736348152161,
        "salt_and_pepper_speckle_intensity_0.03_0.3": 0.8655486702919006,
        "salt_and_pepper_speckle_intensity_0.05_0.2": 0.787542462348938,
        "salt_pepper_intensity_0.01": 0.8960878849029541,
        "salt_pepper_intensity_0.03": 0.9033757448196411,
        "salt_pepper_intensity_0.05": 0.8593241572380066,
        "speckle_intensity_0.1": 0.8760164976119995,
        "speckle_intensity_0.05": 0.8006541132926941,
        "speckle_intensity_0.15": 0.8461650609970093
    }
}