{
    "model_settings": {
        "depth": 4,
        "initial_filters": 32,
        "optimizer": "adam",
        "loss_fce": {
            "py/function": "losses_and_metrics.psnr_loss"
        },
        "metrics": [
            {
                "py/function": "losses_and_metrics.ssim_metric"
            },
            {
                "py/function": "losses_and_metrics.psnr_metric"
            },
            "accuracy"
        ]
    },
    "fit_settings": {
        "epochs": 20,
        "batch_size": 16,
        "validation_split": 0.2,
        "steps_per_epoch": 100
    },
    "model_evaluation": {
        "loss": -29.79076385498047,
        "ssim_metric": 0.7808077335357666,
        "psnr_metric": 29.79076385498047,
        "accuracy": 0.005055538844317198
    },
    "disclosed_predictions": {
        "poisson_intensity_0.1": 0.8537058234214783,
        "poisson_intensity_0.2": 0.7178970575332642,
        "poisson_intensity_0.3": 0.7793347835540771,
        "salt_and_pepper_speckle_intensity_0.01_0.1": 0.7974829077720642,
        "salt_and_pepper_speckle_intensity_0.03_0.3": 0.8227580785751343,
        "salt_and_pepper_speckle_intensity_0.05_0.2": 0.6564998626708984,
        "salt_pepper_intensity_0.01": 0.8426225185394287,
        "salt_pepper_intensity_0.03": 0.826535165309906,
        "salt_pepper_intensity_0.05": 0.8130339980125427,
        "speckle_intensity_0.1": 0.8607692718505859,
        "speckle_intensity_0.05": 0.6541311740875244,
        "speckle_intensity_0.15": 0.8049724102020264
    }
}